game_key,game_no,date,stage,team_org,team,opponent,bib,player,position,starter,minutes,points,fgm,fga,two_m,two_a,three_m,three_a,ftm,fta,orb,drb,reb,assists,turnovers,steals,blocks,fouls,plus_minus
M.TEAM5-------------.GPB-.000100--,1,2026-09-10,小组赛,IRI,伊朗,Qatar,1,GIRGOORIAN Piter,SF,否,2:38,10,2,11,1,4,1,7,5,8,2,2,4,1,1,0,0,2,-6
M.TEAM5-------------.GPB-.000100--,1,2026-09-10,小组赛,IRI,伊朗,Qatar,4,SHARIFI Alireza,PF,否,6:01,0,0,2,0,2,0,0,0,0,0,1,1,0,0,1,0,0,-8
M.TEAM5-------------.GPB-.000100--,1,2026-09-10,小组赛,IRI,伊朗,Qatar,5,SHEIKHI Mobin,PG,是,26:40,6,2,9,0,0,2,9,0,0,0,0,0,3,2,0,0,3,-8
M.TEAM5-------------.GPB-.000100--,1,2026-09-10,小组赛,IRI,伊朗,Qatar,7,REZAEIFAR Navid,G,否,00:00,0,0,0,0,0,0,0,0,0,0,0,0,0,0,0,0,0,0
M.TEAM5-------------.GPB-.000100--,1,2026-09-10,小组赛,IRI,伊朗,Qatar,9,ALIAKBARINAMGHI Khashayar,G,否,2:58,0,0,0,0,0,0,0,0,0,0,0,0,0,1,0,0,0,-5
M.TEAM5-------------.GPB-.000100--,1,2026-09-10,小组赛,IRI,伊朗,Qatar,11,HEYDARI Mohammad,SF,否,28:01,7,3,7,2,3,1,4,0,0,0,2,2,3,3,2,1,2,2
M.TEAM5-------------.GPB-.000100--,1,2026-09-10,小组赛,IRI,伊朗,Qatar,12,ZANGANEH Arman,PF,否,25:56,5,2,4,1,2,1,2,0,0,0,7,7,3,0,2,0,3,1
M.TEAM5-------------.GPB-.000100--,1,2026-09-10,小组赛,IRI,伊朗,Qatar,13,JAMSHIDIJAFARABADI Mohammad,SG,否,00:00,0,0,0,0,0,0,0,0,0,0,0,0,0,0,0,0,0,0
M.TEAM5-------------.GPB-.000100--,1,2026-09-10,小组赛,IRI,伊朗,Qatar,14,KAZEMI Arsalan,SF,是,32:53,5,2,5,1,2,1,3,0,2,3,4,7,1,1,2,1,3,4
M.TEAM5-------------.GPB-.000100--,1,2026-09-10,小组赛,IRI,伊朗,Qatar,17,AGHAJANPOUR Matin,PF,是,32:21,15,3,12,0,2,3,10,6,10,0,1,1,0,3,3,0,2,0
M.TEAM5-------------.GPB-.000100--,1,2026-09-10,小组赛,IRI,伊朗,Qatar,51,MONJI Salar,C,是,13:00,3,1,2,1,2,0,0,1,2,0,3,3,0,1,1,1,0,-5
M.TEAM5-------------.GPB-.000100--,1,2026-09-10,小组赛,IRI,伊朗,Qatar,55,JAFARI Mahdi,C,是,11:50,2,0,3,0,2,0,1,2,2,1,3,4,1,4,1,0,2,-5
M.TEAM5-------------.GPA-.000100--,3,2026-09-10,小组赛,KOR,韩国,Saudi Arabia,1,LEE Hyunjung,F,是,25:00,23,8,15,6,7,2,8,5,6,1,3,4,3,2,3,0,3,25
M.TEAM5-------------.GPA-.000100--,3,2026-09-10,小组赛,KOR,韩国,Saudi Arabia,2,CHOI Junyong,PF,否,00:00,0,0,0,0,0,0,0,0,0,0,0,0,0,0,0,0,0,0
M.TEAM5-------------.GPA-.000100--,3,2026-09-10,小组赛,KOR,韩国,Saudi Arabia,5,BYEON Junhyeong,G,是,13:22,5,2,5,2,3,0,2,1,1,0,4,4,4,1,0,0,0,3
M.TEAM5-------------.GPA-.000100--,3,2026-09-10,小组赛,KOR,韩国,Saudi Arabia,6,LEE Junghyun,G,是,32:10,6,1,12,0,1,1,11,3,4,1,6,7,4,0,1,1,5,10
M.TEAM5-------------.GPA-.000100--,3,2026-09-10,小组赛,KOR,韩国,Saudi Arabia,7,YU Kisang,F,否,14:24,6,2,8,0,1,2,7,0,0,0,5,5,2,1,0,0,1,-6
M.TEAM5-------------.GPA-.000100--,3,2026-09-10,小组赛,KOR,韩国,Saudi Arabia,11,LEE Woosuk,F,否,32:33,18,4,10,2,3,2,7,8,9,2,4,6,2,1,0,0,1,14
M.TEAM5-------------.GPA-.000100--,3,2026-09-10,小组赛,KOR,韩国,Saudi Arabia,12,MOON Jeonghyeon,F,否,6:59,0,0,2,0,1,0,1,0,0,3,2,5,2,2,1,0,3,9
M.TEAM5-------------.GPA-.000100--,3,2026-09-10,小组赛,KOR,韩国,Saudi Arabia,22,YEO Jun Seok,F,是,11:14,9,4,7,4,6,0,1,1,1,0,1,1,1,0,0,0,3,8
M.TEAM5-------------.GPA-.000100--,3,2026-09-10,小组赛,KOR,韩国,Saudi Arabia,24,MOON Yuhyeon,PG,否,7:55,0,0,1,0,0,0,1,0,0,0,0,0,2,1,1,0,2,6
M.TEAM5-------------.GPA-.000100--,3,2026-09-10,小组赛,KOR,韩国,Saudi Arabia,31,JANG Jaeseok,C,否,12:12,2,1,1,1,1,0,0,0,0,0,4,4,2,1,1,0,1,14
M.TEAM5-------------.GPA-.000100--,3,2026-09-10,小组赛,KOR,韩国,Saudi Arabia,33,LEE Seounghyun,C,是,27:48,13,6,10,6,9,0,1,1,2,0,6,6,2,1,0,0,2,2
M.TEAM5-------------.GPA-.000100--,3,2026-09-10,小组赛,KOR,韩国,Saudi Arabia,36,EDI Daniel,C,否,2:00,0,0,2,0,2,0,0,0,0,1,1,2,0,1,0,0,2,-5
M.TEAM5-------------.GPA-.000200--,4,2026-09-10,小组赛,JPN,日本,Indonesia,3,KUROKAWA Kotetsu,G,否,17:24,4,2,7,2,2,0,5,0,0,0,5,5,10,4,1,0,1,30
M.TEAM5-------------.GPA-.000200--,4,2026-09-10,小组赛,JPN,日本,Indonesia,5,HARPER JR John,PG,否,5:07,3,1,4,1,2,0,2,1,2,1,2,3,4,1,0,0,2,15
M.TEAM5-------------.GPA-.000200--,4,2026-09-10,小组赛,JPN,日本,Indonesia,13,KANECHIKA Ren,SF,是,15:12,15,5,10,1,1,4,9,1,2,0,1,1,1,0,0,1,0,16
M.TEAM5-------------.GPA-.000200--,4,2026-09-10,小组赛,JPN,日本,Indonesia,14,KANO Toyoshige,C,否,4:23,8,3,6,3,6,0,0,2,3,2,3,5,0,3,1,1,2,23
M.TEAM5-------------.GPA-.000200--,4,2026-09-10,小组赛,JPN,日本,Indonesia,20,YAMAZAKI Ibu,F,否,12:55,12,4,10,0,2,4,8,0,0,2,3,5,0,0,3,1,4,24
M.TEAM5-------------.GPA-.000200--,4,2026-09-10,小组赛,JPN,日本,Indonesia,25,KAWASHIMA Yuto,PF,是,25:05,11,3,9,2,6,1,3,4,4,3,6,9,2,1,1,1,2,27
M.TEAM5-------------.GPA-.000200--,4,2026-09-10,小组赛,JPN,日本,Indonesia,28,TSUYA Kazuma,G,否,16:46,23,8,10,1,1,7,9,0,0,0,1,1,1,0,1,0,3,18
M.TEAM5-------------.GPA-.000200--,4,2026-09-10,小组赛,JPN,日本,Indonesia,31,OGAWA Atsuya,G,是,16:30,4,1,6,1,5,0,1,2,2,0,3,3,3,1,1,0,3,18
M.TEAM5-------------.GPA-.000200--,4,2026-09-10,小组赛,JPN,日本,Indonesia,32,SCHAFER Avi,C,否,6:43,2,1,2,1,2,0,0,0,0,0,1,1,1,0,0,0,0,7
M.TEAM5-------------.GPA-.000200--,4,2026-09-10,小组赛,JPN,日本,Indonesia,45,YAMAUCHI Jaheru,F,否,9:10,8,2,2,0,0,2,2,2,2,3,0,3,1,0,1,0,1,20
M.TEAM5-------------.GPA-.000200--,4,2026-09-10,小组赛,JPN,日本,Indonesia,53,KIRK Alex,C,是,12:26,8,4,4,4,4,0,0,0,0,4,4,8,2,1,0,2,2,15
M.TEAM5-------------.GPA-.000200--,4,2026-09-10,小组赛,JPN,日本,Indonesia,64,TAKASHIMA Shinji,F,是,11:31,0,0,2,0,1,0,1,0,0,0,3,3,1,0,0,0,1,12
M.TEAM5-------------.GPC-.000100--,5,2026-09-11,小组赛,CHN,中国,Kazakhstan,3,HU Mingxuan,G,否,9:40,3,1,3,0,1,1,2,0,0,0,1,1,1,0,0,0,0,7
M.TEAM5-------------.GPC-.000100--,5,2026-09-11,小组赛,CHN,中国,Kazakhstan,5,LIAO Sanning,G,是,27:03,10,4,7,4,7,0,0,2,2,0,2,2,9,2,1,0,0,34
M.TEAM5-------------.GPC-.000100--,5,2026-09-11,小组赛,CHN,中国,Kazakhstan,9,PANG Zhenglin,PG,是,28:29,17,7,15,6,9,1,6,2,2,0,0,0,4,1,1,0,2,21
M.TEAM5-------------.GPC-.000100--,5,2026-09-11,小组赛,CHN,中国,Kazakhstan,10,WANG Junjie,PF,否,00:00,0,0,0,0,0,0,0,0,0,0,0,0,0,0,0,0,0,0
M.TEAM5-------------.GPC-.000100--,5,2026-09-11,小组赛,CHN,中国,Kazakhstan,11,YU Jiahao,C,否,17:34,17,5,7,5,7,0,0,7,10,1,5,6,2,1,1,1,0,33
M.TEAM5-------------.GPC-.000100--,5,2026-09-11,小组赛,CHN,中国,Kazakhstan,14,LI Hongquan,F,是,28:04,16,7,9,5,5,2,4,0,1,1,8,9,3,3,1,1,2,23
M.TEAM5-------------.GPC-.000100--,5,2026-09-11,小组赛,CHN,中国,Kazakhstan,16,JIAO Boqiao,C,否,12:01,10,5,9,5,8,0,1,0,0,3,2,5,0,2,0,0,1,5
M.TEAM5-------------.GPC-.000100--,5,2026-09-11,小组赛,CHN,中国,Kazakhstan,17,ZHAO Jiayi,F,否,00:00,0,0,0,0,0,0,0,0,0,0,0,0,0,0,0,0,0,0
M.TEAM5-------------.GPC-.000100--,5,2026-09-11,小组赛,CHN,中国,Kazakhstan,21,HU Jinqiu,C,是,10:10,5,2,4,2,4,0,0,1,2,1,2,3,0,2,0,0,2,0
M.TEAM5-------------.GPC-.000100--,5,2026-09-11,小组赛,CHN,中国,Kazakhstan,24,CUI Yongxi,F,否,18:08,12,4,6,2,3,2,3,2,2,2,1,3,0,1,0,1,1,19
M.TEAM5-------------.GPC-.000100--,5,2026-09-11,小组赛,CHN,中国,Kazakhstan,26,ZHU Junlong,G,是,20:51,0,0,1,0,1,0,0,0,0,2,2,4,0,0,2,0,1,21
M.TEAM5-------------.GPC-.000100--,5,2026-09-11,小组赛,CHN,中国,Kazakhstan,32,LI Yuezhou,SG,否,25:39,9,4,7,4,5,0,2,1,2,0,3,3,2,2,2,2,2,27
M.TEAM5-------------.GPA-.000300--,7,2026-09-11,小组赛,KOR,韩国,Indonesia,1,LEE Hyunjung,F,是,18:17,24,8,15,4,8,4,7,4,5,4,6,10,3,0,1,0,2,19
M.TEAM5-------------.GPA-.000300--,7,2026-09-11,小组赛,KOR,韩国,Indonesia,2,CHOI Junyong,PF,否,00:00,0,0,0,0,0,0,0,0,0,0,0,0,0,0,0,0,0,0
M.TEAM5-------------.GPA-.000300--,7,2026-09-11,小组赛,KOR,韩国,Indonesia,5,BYEON Junhyeong,G,是,16:04,5,1,2,0,0,1,2,2,2,0,1,1,3,2,0,0,1,19
M.TEAM5-------------.GPA-.000300--,7,2026-09-11,小组赛,KOR,韩国,Indonesia,6,LEE Junghyun,G,是,21:22,4,2,4,2,3,0,1,0,0,0,0,0,3,2,2,0,1,22
M.TEAM5-------------.GPA-.000300--,7,2026-09-11,小组赛,KOR,韩国,Indonesia,7,YU Kisang,F,否,21:34,21,7,12,0,0,7,12,0,0,0,5,5,1,0,2,0,2,35
M.TEAM5-------------.GPA-.000300--,7,2026-09-11,小组赛,KOR,韩国,Indonesia,11,LEE Woosuk,F,否,21:40,14,4,9,1,4,3,5,3,4,0,2,2,3,0,2,0,0,18
M.TEAM5-------------.GPA-.000300--,7,2026-09-11,小组赛,KOR,韩国,Indonesia,12,MOON Jeonghyeon,F,是,18:41,0,0,1,0,0,0,1,0,0,0,2,2,4,1,2,1,4,35
M.TEAM5-------------.GPA-.000300--,7,2026-09-11,小组赛,KOR,韩国,Indonesia,22,YEO Jun Seok,F,否,00:00,0,0,0,0,0,0,0,0,0,0,0,0,0,0,0,0,0,0
M.TEAM5-------------.GPA-.000300--,7,2026-09-11,小组赛,KOR,韩国,Indonesia,24,MOON Yuhyeon,PG,否,14:06,10,5,6,5,6,0,0,0,0,0,3,3,8,1,1,0,2,26
M.TEAM5-------------.GPA-.000300--,7,2026-09-11,小组赛,KOR,韩国,Indonesia,31,JANG Jaeseok,C,否,15:49,8,4,8,4,8,0,0,0,2,4,2,6,2,2,0,1,2,10
M.TEAM5-------------.GPA-.000300--,7,2026-09-11,小组赛,KOR,韩国,Indonesia,33,LEE Seounghyun,C,是,25:47,8,4,5,4,5,0,0,0,0,0,3,3,0,0,0,0,3,47
M.TEAM5-------------.GPA-.000300--,7,2026-09-11,小组赛,KOR,韩国,Indonesia,36,EDI Daniel,C,否,26:36,8,4,7,4,7,0,0,0,0,3,5,8,4,1,3,0,1,39
M.TEAM5-------------.GPA-.000400--,8,2026-09-11,小组赛,JPN,日本,Saudi Arabia,3,KUROKAWA Kotetsu,G,否,22:59,5,1,8,1,5,0,3,3,3,1,0,1,8,0,2,0,2,9
M.TEAM5-------------.GPA-.000400--,8,2026-09-11,小组赛,JPN,日本,Saudi Arabia,5,HARPER JR John,PG,否,17:37,6,2,4,0,0,2,4,0,0,0,2,2,2,3,1,0,3,12
M.TEAM5-------------.GPA-.000400--,8,2026-09-11,小组赛,JPN,日本,Saudi Arabia,13,KANECHIKA Ren,SF,是,22:41,3,1,7,0,0,1,7,0,0,1,2,3,5,2,1,0,3,2
M.TEAM5-------------.GPA-.000400--,8,2026-09-11,小组赛,JPN,日本,Saudi Arabia,14,KANO Toyoshige,C,否,3:51,0,0,0,0,0,0,0,0,0,0,0,0,0,2,0,0,4,-1
M.TEAM5-------------.GPA-.000400--,8,2026-09-11,小组赛,JPN,日本,Saudi Arabia,20,YAMAZAKI Ibu,F,否,19:44,12,4,8,1,3,3,5,1,3,1,2,3,1,0,5,0,0,9
M.TEAM5-------------.GPA-.000400--,8,2026-09-11,小组赛,JPN,日本,Saudi Arabia,25,KAWASHIMA Yuto,PF,是,8:55,7,2,4,0,1,2,3,1,2,0,1,1,1,0,0,0,2,0
M.TEAM5-------------.GPA-.000400--,8,2026-09-11,小组赛,JPN,日本,Saudi Arabia,28,TSUYA Kazuma,G,否,7:55,3,1,3,0,0,1,3,0,0,0,0,0,0,0,0,0,3,-5
M.TEAM5-------------.GPA-.000400--,8,2026-09-11,小组赛,JPN,日本,Saudi Arabia,31,OGAWA Atsuya,G,是,26:25,12,5,7,5,7,0,0,2,4,2,1,3,3,2,1,1,1,-2
M.TEAM5-------------.GPA-.000400--,8,2026-09-11,小组赛,JPN,日本,Saudi Arabia,32,SCHAFER Avi,C,否,8:30,6,2,3,2,3,0,0,2,2,0,0,0,0,0,0,0,0,3
M.TEAM5-------------.GPA-.000400--,8,2026-09-11,小组赛,JPN,日本,Saudi Arabia,45,YAMAUCHI Jaheru,F,否,14:18,4,2,3,2,3,0,0,0,0,0,4,4,0,2,1,2,2,4
M.TEAM5-------------.GPA-.000400--,8,2026-09-11,小组赛,JPN,日本,Saudi Arabia,53,KIRK Alex,C,是,27:37,23,8,12,8,11,0,1,7,8,2,8,10,2,2,1,2,1,4
M.TEAM5-------------.GPA-.000400--,8,2026-09-11,小组赛,JPN,日本,Saudi Arabia,64,TAKASHIMA Shinji,F,是,19:17,5,2,6,1,1,1,5,0,0,2,2,4,1,1,0,0,3,-5
M.TEAM5-------------.GPB-.000300--,9,2026-09-12,小组赛,IRI,伊朗,Chinese Taipei,1,GIRGOORIAN Piter,SF,否,17:04,9,4,6,4,4,0,2,1,1,0,0,0,1,1,2,1,1,11
M.TEAM5-------------.GPB-.000300--,9,2026-09-12,小组赛,IRI,伊朗,Chinese Taipei,4,SHARIFI Alireza,PF,否,15:24,2,0,4,0,2,0,2,2,2,0,3,3,1,0,0,0,1,11
M.TEAM5-------------.GPB-.000300--,9,2026-09-12,小组赛,IRI,伊朗,Chinese Taipei,5,SHEIKHI Mobin,PG,是,8:37,0,0,2,0,1,0,1,0,0,0,0,0,0,0,0,0,0,-2
M.TEAM5-------------.GPB-.000300--,9,2026-09-12,小组赛,IRI,伊朗,Chinese Taipei,7,REZAEIFAR Navid,G,否,12:33,8,3,3,1,1,2,2,0,0,0,3,3,1,1,0,0,2,-4
M.TEAM5-------------.GPB-.000300--,9,2026-09-12,小组赛,IRI,伊朗,Chinese Taipei,9,ALIAKBARINAMGHI Khashayar,G,否,00:00,0,0,0,0,0,0,0,0,0,0,0,0,0,0,0,0,0,0
M.TEAM5-------------.GPB-.000300--,9,2026-09-12,小组赛,IRI,伊朗,Chinese Taipei,11,HEYDARI Mohammad,SF,是,12:11,2,1,4,1,4,0,0,0,0,0,0,0,3,1,2,0,3,1
M.TEAM5-------------.GPB-.000300--,9,2026-09-12,小组赛,IRI,伊朗,Chinese Taipei,12,ZANGANEH Arman,PF,否,26:51,7,3,8,2,4,1,4,0,0,1,6,7,1,1,1,0,3,13
M.TEAM5-------------.GPB-.000300--,9,2026-09-12,小组赛,IRI,伊朗,Chinese Taipei,13,JAMSHIDIJAFARABADI Mohammad,SG,否,20:21,18,7,13,5,10,2,3,2,2,1,2,3,3,3,1,0,3,9
M.TEAM5-------------.GPB-.000300--,9,2026-09-12,小组赛,IRI,伊朗,Chinese Taipei,14,KAZEMI Arsalan,SF,是,26:30,8,2,6,2,3,0,3,4,4,2,4,6,2,0,1,0,3,-2
M.TEAM5-------------.GPB-.000300--,9,2026-09-12,小组赛,IRI,伊朗,Chinese Taipei,17,AGHAJANPOUR Matin,PF,是,23:14,7,1,6,0,1,1,5,4,4,1,0,1,0,1,0,1,2,-4
M.TEAM5-------------.GPB-.000300--,9,2026-09-12,小组赛,IRI,伊朗,Chinese Taipei,51,MONJI Salar,C,是,11:11,0,0,2,0,2,0,0,0,0,0,2,2,0,0,0,0,3,-14
M.TEAM5-------------.GPB-.000300--,9,2026-09-12,小组赛,IRI,伊朗,Chinese Taipei,55,JAFARI Mahdi,C,否,25:22,11,5,10,5,9,0,1,1,2,2,4,6,5,1,1,0,1,-2
M.TEAM5-------------.GPC-.000300--,11,2026-09-12,小组赛,CHN,中国,Bahrain,3,HU Mingxuan,G,否,14:48,5,1,5,0,0,1,5,2,3,0,1,1,1,2,0,0,2,18
M.TEAM5-------------.GPC-.000300--,11,2026-09-12,小组赛,CHN,中国,Bahrain,5,LIAO Sanning,G,是,33:06,23,9,13,7,7,2,6,3,3,0,3,3,6,2,1,1,0,39
M.TEAM5-------------.GPC-.000300--,11,2026-09-12,小组赛,CHN,中国,Bahrain,9,PANG Zhenglin,PG,是,21:38,11,2,6,0,1,2,5,5,6,0,4,4,7,0,0,0,0,25
M.TEAM5-------------.GPC-.000300--,11,2026-09-12,小组赛,CHN,中国,Bahrain,10,WANG Junjie,PF,否,23:34,11,4,10,1,3,3,7,0,0,1,3,4,1,3,0,0,5,27
M.TEAM5-------------.GPC-.000300--,11,2026-09-12,小组赛,CHN,中国,Bahrain,11,YU Jiahao,C,否,12:31,6,2,3,2,3,0,0,2,2,2,4,6,0,0,1,0,1,15
M.TEAM5-------------.GPC-.000300--,11,2026-09-12,小组赛,CHN,中国,Bahrain,14,LI Hongquan,F,是,18:06,3,1,6,0,1,1,5,0,0,0,3,3,2,0,0,0,1,9
M.TEAM5-------------.GPC-.000300--,11,2026-09-12,小组赛,CHN,中国,Bahrain,16,JIAO Boqiao,C,否,14:39,6,2,2,2,2,0,0,2,2,0,6,6,0,2,0,1,3,19
M.TEAM5-------------.GPC-.000300--,11,2026-09-12,小组赛,CHN,中国,Bahrain,17,ZHAO Jiayi,F,否,00:00,0,0,0,0,0,0,0,0,0,0,0,0,0,0,0,0,0,0
M.TEAM5-------------.GPC-.000300--,11,2026-09-12,小组赛,CHN,中国,Bahrain,21,HU Jinqiu,C,是,12:50,11,5,6,5,6,0,0,1,2,3,1,4,0,1,0,0,2,12
M.TEAM5-------------.GPC-.000300--,11,2026-09-12,小组赛,CHN,中国,Bahrain,24,CUI Yongxi,F,否,18:13,8,3,5,1,1,2,4,0,0,1,4,5,2,0,0,0,0,24
M.TEAM5-------------.GPC-.000300--,11,2026-09-12,小组赛,CHN,中国,Bahrain,26,ZHU Junlong,G,是,8:00,3,1,2,0,1,1,1,0,0,1,1,2,1,0,0,0,1,14
M.TEAM5-------------.GPC-.000300--,11,2026-09-12,小组赛,CHN,中国,Bahrain,32,LI Yuezhou,SG,否,22:43,18,6,6,4,4,2,2,4,5,0,3,3,3,2,1,0,1,33
M.TEAM5-------------.GPB-.000500--,13,2026-09-13,小组赛,IRI,伊朗,Jordan,1,GIRGOORIAN Piter,SF,是,23:43,14,4,5,2,3,2,2,4,5,0,1,1,1,0,2,0,2,16
M.TEAM5-------------.GPB-.000500--,13,2026-09-13,小组赛,IRI,伊朗,Jordan,4,SHARIFI Alireza,PF,否,24:31,10,5,10,5,7,0,3,0,0,5,3,8,2,0,1,0,1,3
M.TEAM5-------------.GPB-.000500--,13,2026-09-13,小组赛,IRI,伊朗,Jordan,5,SHEIKHI Mobin,PG,否,11:41,2,1,4,1,4,0,0,0,0,0,1,1,4,0,0,0,0,-1
M.TEAM5-------------.GPB-.000500--,13,2026-09-13,小组赛,IRI,伊朗,Jordan,7,REZAEIFAR Navid,G,否,12:33,0,0,4,0,4,0,0,0,0,1,3,4,1,0,0,0,1,-10
M.TEAM5-------------.GPB-.000500--,13,2026-09-13,小组赛,IRI,伊朗,Jordan,9,ALIAKBARINAMGHI Khashayar,G,否,00:00,0,0,0,0,0,0,0,0,0,0,0,0,0,0,0,0,0,0
M.TEAM5-------------.GPB-.000500--,13,2026-09-13,小组赛,IRI,伊朗,Jordan,11,HEYDARI Mohammad,SF,是,3:45,2,1,1,1,1,0,0,0,0,0,1,1,0,1,0,0,3,-5
M.TEAM5-------------.GPB-.000500--,13,2026-09-13,小组赛,IRI,伊朗,Jordan,12,ZANGANEH Arman,PF,否,17:05,4,0,6,0,4,0,2,4,4,1,6,7,0,0,0,0,1,-5
M.TEAM5-------------.GPB-.000500--,13,2026-09-13,小组赛,IRI,伊朗,Jordan,13,JAMSHIDIJAFARABADI Mohammad,SG,否,17:03,30,11,16,9,11,2,5,6,7,0,1,1,4,3,0,0,4,19
M.TEAM5-------------.GPB-.000500--,13,2026-09-13,小组赛,IRI,伊朗,Jordan,14,KAZEMI Arsalan,SF,是,22:57,2,1,5,1,5,0,0,0,0,4,4,8,3,1,0,1,3,18
M.TEAM5-------------.GPB-.000500--,13,2026-09-13,小组赛,IRI,伊朗,Jordan,17,AGHAJANPOUR Matin,PF,是,32:03,15,5,13,1,1,4,12,1,1,2,5,7,3,1,0,0,3,13
M.TEAM5-------------.GPB-.000500--,13,2026-09-13,小组赛,IRI,伊朗,Jordan,51,MONJI Salar,C,是,0:19,0,0,0,0,0,0,0,0,0,0,0,0,0,0,0,0,0,0
M.TEAM5-------------.GPB-.000500--,13,2026-09-13,小组赛,IRI,伊朗,Jordan,55,JAFARI Mahdi,C,否,24:20,2,1,8,1,5,0,3,0,4,3,1,4,6,3,0,0,2,17
M.TEAM5-------------.GPA-.000600--,16,2026-09-13,小组赛,JPN,日本,韩国,3,KUROKAWA Kotetsu,G,否,27:23,21,8,16,4,8,4,8,1,2,0,0,0,4,3,0,0,4,-7
M.TEAM5-------------.GPA-.000600--,16,2026-09-13,小组赛,JPN,日本,韩国,5,HARPER JR John,PG,否,21:57,5,1,4,0,0,1,4,2,2,0,3,3,6,3,2,1,3,-6
M.TEAM5-------------.GPA-.000600--,16,2026-09-13,小组赛,JPN,日本,韩国,13,KANECHIKA Ren,SF,是,29:21,9,2,9,1,4,1,5,4,4,1,2,3,3,1,0,1,2,-20
M.TEAM5-------------.GPA-.000600--,16,2026-09-13,小组赛,JPN,日本,韩国,14,KANO Toyoshige,C,否,4:11,2,1,2,1,2,0,0,0,0,1,2,3,0,0,0,0,0,5
M.TEAM5-------------.GPA-.000600--,16,2026-09-13,小组赛,JPN,日本,韩国,20,YAMAZAKI Ibu,F,否,18:03,8,2,6,0,2,2,4,2,2,0,4,4,1,0,1,2,3,2
M.TEAM5-------------.GPA-.000600--,16,2026-09-13,小组赛,JPN,日本,韩国,25,KAWASHIMA Yuto,PF,是,10:24,2,1,3,1,2,0,1,0,0,0,1,1,0,1,0,0,4,-5
M.TEAM5-------------.GPA-.000600--,16,2026-09-13,小组赛,JPN,日本,韩国,28,TSUYA Kazuma,G,否,0:22,0,0,0,0,0,0,0,0,0,0,0,0,0,0,0,0,0,-1
M.TEAM5-------------.GPA-.000600--,16,2026-09-13,小组赛,JPN,日本,韩国,31,OGAWA Atsuya,G,是,16:24,4,2,7,2,6,0,1,0,0,0,3,3,1,2,0,0,1,-21
M.TEAM5-------------.GPA-.000600--,16,2026-09-13,小组赛,JPN,日本,韩国,32,SCHAFER Avi,C,否,9:36,10,4,4,3,3,1,1,1,1,0,1,1,0,0,0,0,1,-6
M.TEAM5-------------.GPA-.000600--,16,2026-09-13,小组赛,JPN,日本,韩国,45,YAMAUCHI Jaheru,F,否,1:24,0,0,0,0,0,0,0,0,0,0,0,0,0,0,0,0,2,-7
M.TEAM5-------------.GPA-.000600--,16,2026-09-13,小组赛,JPN,日本,韩国,53,KIRK Alex,C,是,28:56,19,5,11,5,11,0,0,9,10,9,3,12,2,2,0,2,3,-11
M.TEAM5-------------.GPA-.000600--,16,2026-09-13,小组赛,JPN,日本,韩国,64,TAKASHIMA Shinji,F,是,31:50,3,1,4,0,1,1,3,0,0,2,2,4,1,1,0,0,3,-8
M.TEAM5-------------.GPA-.000600--,16,2026-09-13,小组赛,KOR,韩国,日本,1,LEE Hyunjung,F,是,37:06,16,4,15,3,8,1,7,7,7,1,2,3,7,0,4,0,3,23
M.TEAM5-------------.GPA-.000600--,16,2026-09-13,小组赛,KOR,韩国,日本,2,CHOI Junyong,PF,否,00:00,0,0,0,0,0,0,0,0,0,0,0,0,0,0,0,0,0,0
M.TEAM5-------------.GPA-.000600--,16,2026-09-13,小组赛,KOR,韩国,日本,5,BYEON Junhyeong,G,是,15:18,9,4,5,4,5,0,0,1,1,0,3,3,1,0,0,0,2,3
M.TEAM5-------------.GPA-.000600--,16,2026-09-13,小组赛,KOR,韩国,日本,6,LEE Junghyun,G,是,29:11,25,8,14,3,6,5,8,4,4,1,2,3,7,0,2,0,2,15
M.TEAM5-------------.GPA-.000600--,16,2026-09-13,小组赛,KOR,韩国,日本,7,YU Kisang,F,否,18:59,8,2,4,1,1,1,3,3,3,1,2,3,1,1,0,1,2,15
M.TEAM5-------------.GPA-.000600--,16,2026-09-13,小组赛,KOR,韩国,日本,11,LEE Woosuk,F,否,13:35,4,1,3,0,0,1,3,1,3,0,2,2,0,4,1,2,2,-14
M.TEAM5-------------.GPA-.000600--,16,2026-09-13,小组赛,KOR,韩国,日本,12,MOON Jeonghyeon,F,是,22:43,6,1,1,1,1,0,0,4,5,0,3,3,3,1,1,0,3,21
M.TEAM5-------------.GPA-.000600--,16,2026-09-13,小组赛,KOR,韩国,日本,22,YEO Jun Seok,F,否,00:00,0,0,0,0,0,0,0,0,0,0,0,0,0,0,0,0,0,0
M.TEAM5-------------.GPA-.000600--,16,2026-09-13,小组赛,KOR,韩国,日本,24,MOON Yuhyeon,PG,否,10:21,7,3,4,2,2,1,2,0,0,0,2,2,1,1,0,0,0,11
M.TEAM5-------------.GPA-.000600--,16,2026-09-13,小组赛,KOR,韩国,日本,31,JANG Jaeseok,C,否,28:51,18,9,13,9,13,0,0,0,1,4,4,8,2,1,0,1,2,7
M.TEAM5-------------.GPA-.000600--,16,2026-09-13,小组赛,KOR,韩国,日本,33,LEE Seounghyun,C,是,11:01,2,1,2,1,2,0,0,0,0,1,0,1,0,0,0,0,4,7
M.TEAM5-------------.GPA-.000600--,16,2026-09-13,小组赛,KOR,韩国,日本,36,EDI Daniel,C,否,12:36,5,1,6,1,6,0,0,3,4,2,2,4,0,1,1,0,2,-3
M.TEAM5-------------.GPC-.000600--,18,2026-09-14,小组赛,CHN,中国,Philippines,3,HU Mingxuan,G,否,16:43,13,5,10,2,4,3,6,0,3,0,2,2,4,0,1,0,1,30
M.TEAM5-------------.GPC-.000600--,18,2026-09-14,小组赛,CHN,中国,Philippines,5,LIAO Sanning,G,是,28:10,14,6,9,4,6,2,3,0,1,1,3,4,3,0,2,0,2,34
M.TEAM5-------------.GPC-.000600--,18,2026-09-14,小组赛,CHN,中国,Philippines,9,PANG Zhenglin,PG,是,20:37,7,3,6,2,3,1,3,0,2,1,1,2,4,2,1,0,4,12
M.TEAM5-------------.GPC-.000600--,18,2026-09-14,小组赛,CHN,中国,Philippines,10,WANG Junjie,PF,是,32:02,20,9,22,8,15,1,7,1,1,5,9,14,3,1,0,1,0,35
M.TEAM5-------------.GPC-.000600--,18,2026-09-14,小组赛,CHN,中国,Philippines,11,YU Jiahao,C,否,14:30,9,3,4,3,4,0,0,3,4,0,1,1,2,1,1,0,2,4
M.TEAM5-------------.GPC-.000600--,18,2026-09-14,小组赛,CHN,中国,Philippines,14,LI Hongquan,F,否,00:00,0,0,0,0,0,0,0,0,0,0,0,0,0,0,0,0,0,0
M.TEAM5-------------.GPC-.000600--,18,2026-09-14,小组赛,CHN,中国,Philippines,16,JIAO Boqiao,C,否,14:00,11,3,6,3,6,0,0,5,6,3,3,6,0,1,1,1,2,16
M.TEAM5-------------.GPC-.000600--,18,2026-09-14,小组赛,CHN,中国,Philippines,17,ZHAO Jiayi,F,否,00:00,0,0,0,0,0,0,0,0,0,0,0,0,0,0,0,0,0,0
M.TEAM5-------------.GPC-.000600--,18,2026-09-14,小组赛,CHN,中国,Philippines,21,HU Jinqiu,C,是,15:58,10,5,6,5,6,0,0,0,0,4,0,4,0,0,0,0,1,20
M.TEAM5-------------.GPC-.000600--,18,2026-09-14,小组赛,CHN,中国,Philippines,24,CUI Yongxi,F,是,27:20,10,4,9,2,3,2,6,0,0,2,10,12,4,4,1,0,3,35
M.TEAM5-------------.GPC-.000600--,18,2026-09-14,小组赛,CHN,中国,Philippines,26,ZHU Junlong,G,否,00:00,0,0,0,0,0,0,0,0,0,0,0,0,0,0,0,0,0,0
M.TEAM5-------------.GPC-.000600--,18,2026-09-14,小组赛,CHN,中国,Philippines,32,LI Yuezhou,SG,否,30:33,11,4,10,1,3,3,7,0,0,0,5,5,4,1,1,0,2,34
M.TEAM5-------------.QFNL.000200--,19,2026-09-16,四分之一决赛,CHN,中国,Saudi Arabia,3,HU Mingxuan,G,否,26:32,5,2,6,2,4,0,2,1,1,0,1,1,1,1,0,0,1,7
M.TEAM5-------------.QFNL.000200--,19,2026-09-16,四分之一决赛,CHN,中国,Saudi Arabia,5,LIAO Sanning,G,是,35:46,30,11,17,10,14,1,3,7,9,2,5,7,4,1,0,0,2,14
M.TEAM5-------------.QFNL.000200--,19,2026-09-16,四分之一决赛,CHN,中国,Saudi Arabia,9,PANG Zhenglin,PG,是,11:46,0,0,6,0,5,0,1,0,0,2,0,2,2,1,0,0,2,3
M.TEAM5-------------.QFNL.000200--,19,2026-09-16,四分之一决赛,CHN,中国,Saudi Arabia,10,WANG Junjie,PF,是,16:42,4,2,7,2,5,0,2,0,0,4,4,8,2,3,0,0,4,13
M.TEAM5-------------.QFNL.000200--,19,2026-09-16,四分之一决赛,CHN,中国,Saudi Arabia,11,YU Jiahao,C,否,19:54,16,6,8,6,8,0,0,4,6,4,5,9,0,1,1,2,1,6
M.TEAM5-------------.QFNL.000200--,19,2026-09-16,四分之一决赛,CHN,中国,Saudi Arabia,14,LI Hongquan,F,否,00:00,0,0,0,0,0,0,0,0,0,0,0,0,0,0,0,0,0,0
M.TEAM5-------------.QFNL.000200--,19,2026-09-16,四分之一决赛,CHN,中国,Saudi Arabia,16,JIAO Boqiao,C,否,3:43,0,0,0,0,0,0,0,0,0,1,0,1,0,2,0,0,0,-6
M.TEAM5-------------.QFNL.000200--,19,2026-09-16,四分之一决赛,CHN,中国,Saudi Arabia,17,ZHAO Jiayi,F,否,00:00,0,0,0,0,0,0,0,0,0,0,0,0,0,0,0,0,0,0
M.TEAM5-------------.QFNL.000200--,19,2026-09-16,四分之一决赛,CHN,中国,Saudi Arabia,21,HU Jinqiu,C,是,25:03,14,6,8,6,7,0,1,2,3,1,4,5,1,0,0,0,1,2
M.TEAM5-------------.QFNL.000200--,19,2026-09-16,四分之一决赛,CHN,中国,Saudi Arabia,24,CUI Yongxi,F,是,32:52,13,5,9,2,4,3,5,0,0,1,8,9,1,3,1,0,4,6
M.TEAM5-------------.QFNL.000200--,19,2026-09-16,四分之一决赛,CHN,中国,Saudi Arabia,26,ZHU Junlong,G,否,00:00,0,0,0,0,0,0,0,0,0,0,0,0,0,0,0,0,0,0
M.TEAM5-------------.QFNL.000200--,19,2026-09-16,四分之一决赛,CHN,中国,Saudi Arabia,32,LI Yuezhou,SG,否,37:42,5,2,6,2,4,0,2,1,2,0,0,0,2,3,1,1,3,0
M.TEAM5-------------.QFNL.000100--,20,2026-09-16,四分之一决赛,JPN,日本,Chinese Taipei,3,KUROKAWA Kotetsu,G,否,23:25,23,6,10,3,6,3,4,8,8,0,2,2,2,2,0,0,2,2
M.TEAM5-------------.QFNL.000100--,20,2026-09-16,四分之一决赛,JPN,日本,Chinese Taipei,5,HARPER JR John,PG,否,19:43,4,2,6,2,3,0,3,0,0,2,2,4,3,1,2,1,2,7
M.TEAM5-------------.QFNL.000100--,20,2026-09-16,四分之一决赛,JPN,日本,Chinese Taipei,13,KANECHIKA Ren,SF,是,24:32,8,3,8,2,3,1,5,1,2,1,1,2,0,3,0,2,2,1
M.TEAM5-------------.QFNL.000100--,20,2026-09-16,四分之一决赛,JPN,日本,Chinese Taipei,14,KANO Toyoshige,C,否,7:10,2,1,2,1,2,0,0,0,0,0,0,0,0,0,0,0,0,3
M.TEAM5-------------.QFNL.000100--,20,2026-09-16,四分之一决赛,JPN,日本,Chinese Taipei,20,YAMAZAKI Ibu,F,否,17:56,3,1,6,0,2,1,4,0,0,2,3,5,2,1,0,0,1,-3
M.TEAM5-------------.QFNL.000100--,20,2026-09-16,四分之一决赛,JPN,日本,Chinese Taipei,25,KAWASHIMA Yuto,PF,是,11:27,6,2,4,1,2,1,2,1,2,1,4,5,0,2,0,0,2,6
M.TEAM5-------------.QFNL.000100--,20,2026-09-16,四分之一决赛,JPN,日本,Chinese Taipei,28,TSUYA Kazuma,G,否,5:24,0,0,3,0,2,0,1,0,0,0,0,0,0,0,0,0,1,-3
M.TEAM5-------------.QFNL.000100--,20,2026-09-16,四分之一决赛,JPN,日本,Chinese Taipei,31,OGAWA Atsuya,G,是,23:44,15,6,14,4,10,2,4,1,2,0,4,4,7,0,1,0,1,6
M.TEAM5-------------.QFNL.000100--,20,2026-09-16,四分之一决赛,JPN,日本,Chinese Taipei,32,SCHAFER Avi,C,否,8:43,8,4,5,4,5,0,0,0,1,2,1,3,2,0,0,0,0,0
M.TEAM5-------------.QFNL.000100--,20,2026-09-16,四分之一决赛,JPN,日本,Chinese Taipei,45,YAMAUCHI Jaheru,F,否,10:56,2,1,2,1,1,0,1,0,1,0,1,1,3,0,2,0,1,9
M.TEAM5-------------.QFNL.000100--,20,2026-09-16,四分之一决赛,JPN,日本,Chinese Taipei,53,KIRK Alex,C,是,23:43,12,5,6,5,6,0,0,2,3,0,8,8,1,1,0,0,1,6
M.TEAM5-------------.QFNL.000100--,20,2026-09-16,四分之一决赛,JPN,日本,Chinese Taipei,64,TAKASHIMA Shinji,F,是,22:16,2,1,3,1,1,0,2,0,0,1,6,7,2,0,0,0,4,1
M.TEAM5-------------.QFNL.000400--,21,2026-09-16,四分之一决赛,IRI,伊朗,Bahrain,1,GIRGOORIAN Piter,SF,是,20:48,7,2,9,1,3,1,6,2,4,1,0,1,3,1,1,0,2,10
M.TEAM5-------------.QFNL.000400--,21,2026-09-16,四分之一决赛,IRI,伊朗,Bahrain,4,SHARIFI Alireza,PF,否,2:39,1,0,0,0,0,0,0,1,2,1,0,1,0,0,0,0,2,0
M.TEAM5-------------.QFNL.000400--,21,2026-09-16,四分之一决赛,IRI,伊朗,Bahrain,5,SHEIKHI Mobin,PG,否,2:22,0,0,2,0,2,0,0,0,0,0,0,0,0,0,1,0,1,2
M.TEAM5-------------.QFNL.000400--,21,2026-09-16,四分之一决赛,IRI,伊朗,Bahrain,7,REZAEIFAR Navid,G,否,6:03,2,1,2,1,1,0,1,0,0,1,2,3,0,0,0,0,0,-6
M.TEAM5-------------.QFNL.000400--,21,2026-09-16,四分之一决赛,IRI,伊朗,Bahrain,9,ALIAKBARINAMGHI Khashayar,G,否,00:00,0,0,0,0,0,0,0,0,0,0,0,0,0,0,0,0,0,0
M.TEAM5-------------.QFNL.000400--,21,2026-09-16,四分之一决赛,IRI,伊朗,Bahrain,11,HEYDARI Mohammad,SF,是,20:47,19,7,10,4,4,3,6,2,4,0,0,0,0,3,1,0,1,-2
M.TEAM5-------------.QFNL.000400--,21,2026-09-16,四分之一决赛,IRI,伊朗,Bahrain,12,ZANGANEH Arman,PF,否,28:14,11,4,8,2,3,2,5,1,2,2,6,8,2,0,1,0,3,7
M.TEAM5-------------.QFNL.000400--,21,2026-09-16,四分之一决赛,IRI,伊朗,Bahrain,13,JAMSHIDIJAFARABADI Mohammad,SG,否,24:22,20,6,11,4,6,2,5,6,7,0,0,0,2,2,0,0,1,8
M.TEAM5-------------.QFNL.000400--,21,2026-09-16,四分之一决赛,IRI,伊朗,Bahrain,14,KAZEMI Arsalan,SF,是,35:15,6,3,5,3,4,0,1,0,1,3,8,11,10,3,1,0,1,8
M.TEAM5-------------.QFNL.000400--,21,2026-09-16,四分之一决赛,IRI,伊朗,Bahrain,17,AGHAJANPOUR Matin,PF,是,24:00,3,1,7,0,3,1,4,0,0,2,0,2,0,3,2,0,1,-3
M.TEAM5-------------.QFNL.000400--,21,2026-09-16,四分之一决赛,IRI,伊朗,Bahrain,51,MONJI Salar,C,是,15:08,4,2,4,2,4,0,0,0,1,2,2,4,1,4,0,1,4,-4
M.TEAM5-------------.QFNL.000400--,21,2026-09-16,四分之一决赛,IRI,伊朗,Bahrain,55,JAFARI Mahdi,C,否,19:29,6,1,4,1,4,0,0,4,6,2,5,7,3,0,1,0,2,5
M.TEAM5-------------.QFNL.000300--,22,2026-09-16,四分之一决赛,KOR,韩国,Jordan,1,LEE Hyunjung,F,否,10:55,28,10,15,4,5,6,10,2,2,2,7,9,5,0,2,1,3,18
M.TEAM5-------------.QFNL.000300--,22,2026-09-16,四分之一决赛,KOR,韩国,Jordan,2,CHOI Junyong,PF,否,10:26,6,2,4,0,1,2,3,0,2,1,1,2,3,0,0,0,5,8
M.TEAM5-------------.QFNL.000300--,22,2026-09-16,四分之一决赛,KOR,韩国,Jordan,5,BYEON Junhyeong,G,否,7:28,10,4,6,4,5,0,1,2,2,1,0,1,2,0,0,0,0,10
M.TEAM5-------------.QFNL.000300--,22,2026-09-16,四分之一决赛,KOR,韩国,Jordan,6,LEE Junghyun,G,否,10:02,12,3,7,0,1,3,6,3,3,1,1,2,6,2,1,1,2,13
M.TEAM5-------------.QFNL.000300--,22,2026-09-16,四分之一决赛,KOR,韩国,Jordan,7,YU Kisang,F,否,18:25,16,5,11,1,1,4,10,2,2,1,0,1,2,2,1,0,0,4
M.TEAM5-------------.QFNL.000300--,22,2026-09-16,四分之一决赛,KOR,韩国,Jordan,11,LEE Woosuk,F,否,24:35,11,4,5,2,2,2,3,1,2,3,6,9,5,2,1,0,1,15
M.TEAM5-------------.QFNL.000300--,22,2026-09-16,四分之一决赛,KOR,韩国,Jordan,12,MOON Jeonghyeon,F,否,9:14,5,2,5,2,2,0,3,1,1,2,6,8,5,0,2,1,3,5
M.TEAM5-------------.QFNL.000300--,22,2026-09-16,四分之一决赛,KOR,韩国,Jordan,22,YEO Jun Seok,F,否,15:13,9,3,4,3,4,0,0,3,4,0,2,2,1,0,0,0,2,18
M.TEAM5-------------.QFNL.000300--,22,2026-09-16,四分之一决赛,KOR,韩国,Jordan,24,MOON Yuhyeon,PG,否,18:41,4,2,6,2,3,0,3,0,0,0,0,0,3,1,0,0,4,4
M.TEAM5-------------.QFNL.000300--,22,2026-09-16,四分之一决赛,KOR,韩国,Jordan,31,JANG Jaeseok,C,否,7:04,3,1,3,1,3,0,0,1,1,2,0,2,1,1,1,0,0,7
M.TEAM5-------------.QFNL.000300--,22,2026-09-16,四分之一决赛,KOR,韩国,Jordan,33,LEE Seounghyun,C,否,7:53,8,4,6,4,6,0,0,0,0,1,0,1,2,0,0,0,0,6
M.TEAM5-------------.QFNL.000300--,22,2026-09-16,四分之一决赛,KOR,韩国,Jordan,36,EDI Daniel,C,否,10:10,2,1,1,1,1,0,0,0,0,0,3,3,1,1,0,1,4,0
M.TEAM5-------------.SFNL.000100--,23,2026-09-18,半决赛,CHN,中国,日本,3,HU Mingxuan,G,否,19:40,11,4,7,2,3,2,4,1,1,0,0,0,4,1,0,1,2,-18
M.TEAM5-------------.SFNL.000100--,23,2026-09-18,半决赛,CHN,中国,日本,5,LIAO Sanning,G,是,27:37,6,2,9,2,8,0,1,2,2,1,3,4,6,1,0,1,0,-19
M.TEAM5-------------.SFNL.000100--,23,2026-09-18,半决赛,CHN,中国,日本,9,PANG Zhenglin,PG,是,17:46,8,2,7,2,6,0,1,4,4,0,2,2,2,1,0,0,1,-8
M.TEAM5-------------.SFNL.000100--,23,2026-09-18,半决赛,CHN,中国,日本,10,WANG Junjie,PF,是,21:16,4,2,7,2,4,0,3,0,0,0,3,3,1,2,1,0,2,-16
M.TEAM5-------------.SFNL.000100--,23,2026-09-18,半决赛,CHN,中国,日本,11,YU Jiahao,C,否,12:53,0,0,2,0,2,0,0,0,0,1,2,3,0,0,0,0,1,-10
M.TEAM5-------------.SFNL.000100--,23,2026-09-18,半决赛,CHN,中国,日本,14,LI Hongquan,F,否,30:41,9,2,7,0,1,2,6,3,3,4,9,13,1,1,0,1,0,-6
M.TEAM5-------------.SFNL.000100--,23,2026-09-18,半决赛,CHN,中国,日本,16,JIAO Boqiao,C,否,5:40,2,1,2,1,2,0,0,0,0,0,0,0,0,0,1,0,1,-3
M.TEAM5-------------.SFNL.000100--,23,2026-09-18,半决赛,CHN,中国,日本,17,ZHAO Jiayi,F,否,11:50,6,2,6,0,2,2,4,0,0,1,1,2,0,0,0,0,0,1
M.TEAM5-------------.SFNL.000100--,23,2026-09-18,半决赛,CHN,中国,日本,21,HU Jinqiu,C,是,21:17,16,8,9,8,9,0,0,0,1,1,1,2,0,0,0,0,1,-7
M.TEAM5-------------.SFNL.000100--,23,2026-09-18,半决赛,CHN,中国,日本,24,CUI Yongxi,F,是,21:44,13,4,14,3,10,1,4,4,4,2,4,6,0,1,0,0,3,-21
M.TEAM5-------------.SFNL.000100--,23,2026-09-18,半决赛,CHN,中国,日本,26,ZHU Junlong,G,否,00:00,0,0,0,0,0,0,0,0,0,0,0,0,0,0,0,0,0,0
M.TEAM5-------------.SFNL.000100--,23,2026-09-18,半决赛,CHN,中国,日本,32,LI Yuezhou,SG,否,9:15,2,1,4,1,2,0,2,0,0,0,0,0,1,0,0,0,0,7
M.TEAM5-------------.SFNL.000100--,23,2026-09-18,半决赛,JPN,日本,中国,3,KUROKAWA Kotetsu,G,否,18:30,2,1,10,1,7,0,3,0,0,0,1,1,6,1,2,0,2,2
M.TEAM5-------------.SFNL.000100--,23,2026-09-18,半决赛,JPN,日本,中国,5,HARPER JR John,PG,否,17:39,14,5,7,1,2,4,5,0,0,0,2,2,3,0,1,0,1,7
M.TEAM5-------------.SFNL.000100--,23,2026-09-18,半决赛,JPN,日本,中国,13,KANECHIKA Ren,SF,是,25:44,19,7,11,3,3,4,8,1,2,0,4,4,3,0,0,0,0,26
M.TEAM5-------------.SFNL.000100--,23,2026-09-18,半决赛,JPN,日本,中国,14,KANO Toyoshige,C,否,9:01,7,2,2,2,2,0,0,3,3,1,0,1,0,0,0,1,2,3
M.TEAM5-------------.SFNL.000100--,23,2026-09-18,半决赛,JPN,日本,中国,20,YAMAZAKI Ibu,F,否,10:51,8,3,7,1,3,2,4,0,0,0,1,1,0,0,1,0,1,11
M.TEAM5-------------.SFNL.000100--,23,2026-09-18,半决赛,JPN,日本,中国,25,KAWASHIMA Yuto,PF,是,22:12,6,3,8,3,6,0,2,0,0,0,5,5,3,1,0,1,2,12
M.TEAM5-------------.SFNL.000100--,23,2026-09-18,半决赛,JPN,日本,中国,28,TSUYA Kazuma,G,否,3:18,0,0,3,0,0,0,3,0,0,0,0,0,0,0,0,0,0,-8
M.TEAM5-------------.SFNL.000100--,23,2026-09-18,半决赛,JPN,日本,中国,31,OGAWA Atsuya,G,是,23:45,11,5,11,4,10,1,1,0,1,1,4,5,9,0,0,0,3,14
M.TEAM5-------------.SFNL.000100--,23,2026-09-18,半决赛,JPN,日本,中国,32,SCHAFER Avi,C,否,7:46,6,3,5,3,5,0,0,0,0,4,0,4,0,0,1,0,1,-6
M.TEAM5-------------.SFNL.000100--,23,2026-09-18,半决赛,JPN,日本,中国,45,YAMAUCHI Jaheru,F,否,12:47,4,2,3,2,2,0,1,0,2,2,3,5,0,0,1,1,0,-1
M.TEAM5-------------.SFNL.000100--,23,2026-09-18,半决赛,JPN,日本,中国,53,KIRK Alex,C,是,23:10,15,7,10,7,10,0,0,1,1,6,6,12,3,0,0,0,2,23
M.TEAM5-------------.SFNL.000100--,23,2026-09-18,半决赛,JPN,日本,中国,64,TAKASHIMA Shinji,F,是,25:06,5,2,5,1,2,1,3,0,0,1,1,2,0,0,0,0,1,17
M.TEAM5-------------.SFNL.000200--,24,2026-09-18,半决赛,IRI,伊朗,韩国,1,GIRGOORIAN Piter,SF,否,14:10,2,0,5,0,0,0,5,2,2,0,2,2,2,2,1,0,4,-6
M.TEAM5-------------.SFNL.000200--,24,2026-09-18,半决赛,IRI,伊朗,韩国,4,SHARIFI Alireza,PF,否,13:05,4,2,4,2,3,0,1,0,0,2,5,7,0,0,1,0,1,-9
M.TEAM5-------------.SFNL.000200--,24,2026-09-18,半决赛,IRI,伊朗,韩国,5,SHEIKHI Mobin,PG,是,11:10,6,1,3,1,2,0,1,4,4,0,1,1,2,0,0,0,3,-5
M.TEAM5-------------.SFNL.000200--,24,2026-09-18,半决赛,IRI,伊朗,韩国,7,REZAEIFAR Navid,G,否,6:42,2,0,2,0,1,0,1,2,2,1,0,1,0,0,0,1,0,-2
M.TEAM5-------------.SFNL.000200--,24,2026-09-18,半决赛,IRI,伊朗,韩国,9,ALIAKBARINAMGHI Khashayar,G,否,1:47,0,0,0,0,0,0,0,0,0,0,1,1,0,0,0,0,0,2
M.TEAM5-------------.SFNL.000200--,24,2026-09-18,半决赛,IRI,伊朗,韩国,11,HEYDARI Mohammad,SF,是,22:09,9,3,7,2,4,1,3,2,2,3,1,4,3,2,0,0,3,-20
M.TEAM5-------------.SFNL.000200--,24,2026-09-18,半决赛,IRI,伊朗,韩国,12,ZANGANEH Arman,PF,否,20:28,2,1,2,1,1,0,1,0,0,1,2,4,0,0,0,0,3,-17
M.TEAM5-------------.SFNL.000200--,24,2026-09-18,半决赛,IRI,伊朗,韩国,13,JAMSHIDIJAFARABADI Mohammad,SG,否,22:33,12,3,9,2,7,1,2,5,10,0,1,1,2,3,2,0,3,-19
M.TEAM5-------------.SFNL.000200--,24,2026-09-18,半决赛,IRI,伊朗,韩国,14,KAZEMI Arsalan,SF,是,35:57,8,3,7,3,5,0,2,2,4,5,6,11,3,1,1,0,3,-19
M.TEAM5-------------.SFNL.000200--,24,2026-09-18,半决赛,IRI,伊朗,韩国,17,AGHAJANPOUR Matin,PF,是,20:55,4,0,8,0,1,0,7,4,6,0,1,1,0,1,4,0,1,-16
M.TEAM5-------------.SFNL.000200--,24,2026-09-18,半决赛,IRI,伊朗,韩国,51,MONJI Salar,C,是,12:55,0,0,4,0,4,0,0,0,0,0,4,4,1,2,0,1,1,-8
M.TEAM5-------------.SFNL.000200--,24,2026-09-18,半决赛,IRI,伊朗,韩国,55,JAFARI Mahdi,C,否,17:50,2,1,4,1,4,0,0,0,0,1,1,2,0,1,0,0,0,-11
M.TEAM5-------------.SFNL.000200--,24,2026-09-18,半决赛,KOR,韩国,伊朗,1,LEE Hyunjung,F,是,32:27,26,8,16,1,3,7,13,3,4,3,11,14,4,3,2,0,2,29
M.TEAM5-------------.SFNL.000200--,24,2026-09-18,半决赛,KOR,韩国,伊朗,2,CHOI Junyong,PF,是,11:50,3,1,5,0,3,1,2,0,0,0,2,2,2,2,0,0,3,3
M.TEAM5-------------.SFNL.000200--,24,2026-09-18,半决赛,KOR,韩国,伊朗,5,BYEON Junhyeong,G,是,23:03,0,0,2,0,0,0,2,0,0,1,1,2,3,1,0,0,3,6
M.TEAM5-------------.SFNL.000200--,24,2026-09-18,半决赛,KOR,韩国,伊朗,6,LEE Junghyun,G,是,26:16,11,3,10,0,3,3,7,2,2,0,3,3,3,1,0,1,3,25
M.TEAM5-------------.SFNL.000200--,24,2026-09-18,半决赛,KOR,韩国,伊朗,7,YU Kisang,F,否,1:21,0,0,2,0,0,0,2,0,0,0,0,0,0,0,0,0,0,-2
M.TEAM5-------------.SFNL.000200--,24,2026-09-18,半决赛,KOR,韩国,伊朗,11,LEE Woosuk,F,否,30:45,19,7,12,4,7,3,5,2,3,0,3,3,3,3,1,0,3,23
M.TEAM5-------------.SFNL.000200--,24,2026-09-18,半决赛,KOR,韩国,伊朗,12,MOON Jeonghyeon,F,否,8:28,0,0,0,0,0,0,0,0,0,0,2,2,2,1,0,0,2,1
M.TEAM5-------------.SFNL.000200--,24,2026-09-18,半决赛,KOR,韩国,伊朗,22,YEO Jun Seok,F,否,20:59,9,3,5,3,5,0,0,3,4,0,1,1,0,1,0,0,2,23
M.TEAM5-------------.SFNL.000200--,24,2026-09-18,半决赛,KOR,韩国,伊朗,24,MOON Yuhyeon,PG,否,4:11,4,2,4,2,2,0,2,0,0,0,0,0,0,0,0,0,1,-2
M.TEAM5-------------.SFNL.000200--,24,2026-09-18,半决赛,KOR,韩国,伊朗,31,JANG Jaeseok,C,否,15:42,2,1,2,1,2,0,0,0,0,2,2,4,3,1,1,1,3,14
M.TEAM5-------------.SFNL.000200--,24,2026-09-18,半决赛,KOR,韩国,伊朗,33,LEE Seounghyun,C,是,23:56,3,1,1,1,1,0,0,1,2,1,1,2,2,0,1,0,2,12
M.TEAM5-------------.SFNL.000200--,24,2026-09-18,半决赛,KOR,韩国,伊朗,36,EDI Daniel,C,否,1:02,0,0,0,0,0,0,0,0,0,0,0,0,0,0,0,0,0,-2
M.TEAM5-------------.FNL-.000200--,25,2026-09-20,三四名决赛,CHN,中国,伊朗,3,HU Mingxuan,G,是,22:58,2,0,2,0,0,0,2,2,3,1,0,1,4,4,1,0,3,-15
M.TEAM5-------------.FNL-.000200--,25,2026-09-20,三四名决赛,CHN,中国,伊朗,5,LIAO Sanning,G,是,29:29,6,2,11,2,9,0,2,2,4,1,4,5,6,2,1,1,1,0
M.TEAM5-------------.FNL-.000200--,25,2026-09-20,三四名决赛,CHN,中国,伊朗,9,PANG Zhenglin,PG,否,23:38,22,6,13,4,8,2,5,8,8,0,0,0,2,1,1,0,0,-3
M.TEAM5-------------.FNL-.000200--,25,2026-09-20,三四名决赛,CHN,中国,伊朗,10,WANG Junjie,PF,是,17:22,6,2,5,1,2,1,3,1,2,1,6,7,0,2,0,0,1,-4
M.TEAM5-------------.FNL-.000200--,25,2026-09-20,三四名决赛,CHN,中国,伊朗,11,YU Jiahao,C,否,12:27,4,0,1,0,1,0,0,4,6,0,1,1,0,1,0,1,2,-6
M.TEAM5-------------.FNL-.000200--,25,2026-09-20,三四名决赛,CHN,中国,伊朗,14,LI Hongquan,F,是,24:37,12,3,8,0,2,3,6,3,5,3,1,4,0,1,1,0,3,-9
M.TEAM5-------------.FNL-.000200--,25,2026-09-20,三四名决赛,CHN,中国,伊朗,16,JIAO Boqiao,C,否,9:34,4,1,3,0,2,1,1,1,2,1,6,7,0,0,0,0,0,6
M.TEAM5-------------.FNL-.000200--,25,2026-09-20,三四名决赛,CHN,中国,伊朗,17,ZHAO Jiayi,F,否,16:11,6,3,4,3,3,0,1,0,0,0,1,1,0,0,1,0,4,-12
M.TEAM5-------------.FNL-.000200--,25,2026-09-20,三四名决赛,CHN,中国,伊朗,21,HU Jinqiu,C,是,17:48,2,1,2,1,2,0,0,0,0,0,2,2,0,1,0,0,0,-9
M.TEAM5-------------.FNL-.000200--,25,2026-09-20,三四名决赛,CHN,中国,伊朗,24,CUI Yongxi,F,否,22:25,4,2,4,2,3,0,1,0,0,0,3,3,0,3,0,0,2,4
M.TEAM5-------------.FNL-.000200--,25,2026-09-20,三四名决赛,CHN,中国,伊朗,26,ZHU Junlong,G,否,00:00,0,0,0,0,0,0,0,0,0,0,0,0,0,0,0,0,0,0
M.TEAM5-------------.FNL-.000200--,25,2026-09-20,三四名决赛,CHN,中国,伊朗,32,LI Yuezhou,SG,否,2:57,2,0,0,0,0,0,0,2,2,0,1,1,1,1,0,0,1,3
M.TEAM5-------------.FNL-.000200--,25,2026-09-20,三四名决赛,IRI,伊朗,中国,1,GIRGOORIAN Piter,SF,是,27:18,15,6,14,3,9,3,5,0,0,1,2,3,2,2,1,0,3,16
M.TEAM5-------------.FNL-.000200--,25,2026-09-20,三四名决赛,IRI,伊朗,中国,4,SHARIFI Alireza,PF,否,00:00,0,0,0,0,0,0,0,0,0,0,0,0,0,0,0,0,0,0
M.TEAM5-------------.FNL-.000200--,25,2026-09-20,三四名决赛,IRI,伊朗,中国,5,SHEIKHI Mobin,PG,否,7:17,9,3,4,0,1,3,3,0,0,0,1,1,3,0,1,0,0,8
M.TEAM5-------------.FNL-.000200--,25,2026-09-20,三四名决赛,IRI,伊朗,中国,7,REZAEIFAR Navid,G,否,3:40,2,1,2,1,2,0,0,0,0,0,0,0,0,1,0,0,0,-3
M.TEAM5-------------.FNL-.000200--,25,2026-09-20,三四名决赛,IRI,伊朗,中国,9,ALIAKBARINAMGHI Khashayar,G,否,00:00,0,0,0,0,0,0,0,0,0,0,0,0,0,0,0,0,0,0
M.TEAM5-------------.FNL-.000200--,25,2026-09-20,三四名决赛,IRI,伊朗,中国,11,HEYDARI Mohammad,SF,是,24:29,6,2,5,1,3,1,2,1,2,0,1,1,3,1,1,2,1,4
M.TEAM5-------------.FNL-.000200--,25,2026-09-20,三四名决赛,IRI,伊朗,中国,12,ZANGANEH Arman,PF,否,22:11,5,2,5,1,2,1,3,0,0,1,3,4,2,2,0,0,3,-7
M.TEAM5-------------.FNL-.000200--,25,2026-09-20,三四名决赛,IRI,伊朗,中国,13,JAMSHIDIJAFARABADI Mohammad,SG,否,13:08,0,0,7,0,4,0,3,0,0,1,1,2,2,2,1,0,3,-2
M.TEAM5-------------.FNL-.000200--,25,2026-09-20,三四名决赛,IRI,伊朗,中国,14,KAZEMI Arsalan,SF,是,29:33,4,1,4,1,3,0,1,2,2,3,12,15,6,0,3,0,4,7
M.TEAM5-------------.FNL-.000200--,25,2026-09-20,三四名决赛,IRI,伊朗,中国,17,AGHAJANPOUR Matin,PF,是,28:45,21,7,12,1,1,6,11,1,1,0,1,1,0,0,2,1,3,13
M.TEAM5-------------.FNL-.000200--,25,2026-09-20,三四名决赛,IRI,伊朗,中国,51,MONJI Salar,C,是,22:41,7,2,7,2,7,0,0,3,4,4,2,6,1,0,1,0,2,10
M.TEAM5-------------.FNL-.000200--,25,2026-09-20,三四名决赛,IRI,伊朗,中国,55,JAFARI Mahdi,C,否,20:32,10,4,16,3,11,1,5,1,2,3,0,3,2,1,2,0,3,-1
M.TEAM5-------------.FNL-.000100--,26,2026-09-20,决赛,JPN,日本,韩国,3,KUROKAWA Kotetsu,G,否,19:21,5,2,14,2,8,0,6,1,1,1,4,5,3,3,2,0,1,6
M.TEAM5-------------.FNL-.000100--,26,2026-09-20,决赛,JPN,日本,韩国,5,HARPER JR John,PG,否,20:26,6,2,6,0,2,2,4,0,0,0,2,2,2,0,0,0,2,8
M.TEAM5-------------.FNL-.000100--,26,2026-09-20,决赛,JPN,日本,韩国,13,KANECHIKA Ren,SF,是,29:55,13,5,12,2,5,3,7,0,0,1,5,6,1,1,1,0,3,-15
M.TEAM5-------------.FNL-.000100--,26,2026-09-20,决赛,JPN,日本,韩国,14,KANO Toyoshige,C,否,7:17,2,1,3,1,3,0,0,0,0,1,0,1,0,0,1,2,1,7
M.TEAM5-------------.FNL-.000100--,26,2026-09-20,决赛,JPN,日本,韩国,20,YAMAZAKI Ibu,F,否,20:03,3,1,5,1,3,0,2,1,2,3,3,6,0,0,0,1,3,9
M.TEAM5-------------.FNL-.000100--,26,2026-09-20,决赛,JPN,日本,韩国,25,KAWASHIMA Yuto,PF,是,7:41,1,0,4,0,2,0,2,1,2,0,0,0,0,1,0,0,1,-13
M.TEAM5-------------.FNL-.000100--,26,2026-09-20,决赛,JPN,日本,韩国,28,TSUYA Kazuma,G,否,6:09,4,1,2,0,0,1,2,1,3,1,0,1,1,0,0,0,0,-5
M.TEAM5-------------.FNL-.000100--,26,2026-09-20,决赛,JPN,日本,韩国,31,OGAWA Atsuya,G,是,24:06,12,5,11,3,7,2,4,0,2,1,4,5,2,5,0,0,2,-19
M.TEAM5-------------.FNL-.000100--,26,2026-09-20,决赛,JPN,日本,韩国,32,SCHAFER Avi,C,否,10:07,4,2,4,2,4,0,0,0,0,2,2,4,0,1,0,0,1,-4
M.TEAM5-------------.FNL-.000100--,26,2026-09-20,决赛,JPN,日本,韩国,45,YAMAUCHI Jaheru,F,否,12:10,2,1,2,1,2,0,0,0,0,1,0,1,1,0,0,0,1,-2
M.TEAM5-------------.FNL-.000100--,26,2026-09-20,决赛,JPN,日本,韩国,53,KIRK Alex,C,是,23:44,5,2,9,2,8,0,1,1,2,4,4,8,3,0,0,0,2,-11
M.TEAM5-------------.FNL-.000100--,26,2026-09-20,决赛,JPN,日本,韩国,64,TAKASHIMA Shinji,F,是,18:19,0,0,1,0,0,0,1,0,2,0,4,4,2,1,1,0,2,-11
M.TEAM5-------------.FNL-.000100--,26,2026-09-20,决赛,KOR,韩国,日本,1,LEE Hyunjung,F,是,34:26,27,8,12,3,4,5,8,6,8,4,14,18,3,2,2,1,1,12
M.TEAM5-------------.FNL-.000100--,26,2026-09-20,决赛,KOR,韩国,日本,2,CHOI Junyong,PF,否,10:19,5,2,6,1,3,1,3,0,0,1,2,3,0,0,0,1,1,-4
M.TEAM5-------------.FNL-.000100--,26,2026-09-20,决赛,KOR,韩国,日本,5,BYEON Junhyeong,G,是,23:36,5,2,5,1,3,1,2,0,1,0,2,2,2,2,1,0,3,9
M.TEAM5-------------.FNL-.000100--,26,2026-09-20,决赛,KOR,韩国,日本,6,LEE Junghyun,G,是,33:44,14,6,11,5,5,1,6,1,2,0,0,0,7,2,1,0,3,16
M.TEAM5-------------.FNL-.000100--,26,2026-09-20,决赛,KOR,韩国,日本,7,YU Kisang,F,否,00:00,0,0,0,0,0,0,0,0,0,0,0,0,0,0,0,0,0,0
M.TEAM5-------------.FNL-.000100--,26,2026-09-20,决赛,KOR,韩国,日本,11,LEE Woosuk,F,否,28:56,6,2,9,0,4,2,5,0,0,0,7,7,2,1,0,1,0,1
M.TEAM5-------------.FNL-.000100--,26,2026-09-20,决赛,KOR,韩国,日本,12,MOON Jeonghyeon,F,是,16:58,2,0,2,0,1,0,1,2,4,1,2,3,3,0,0,0,2,7
M.TEAM5-------------.FNL-.000100--,26,2026-09-20,决赛,KOR,韩国,日本,22,YEO Jun Seok,F,否,2:37,0,0,2,0,2,0,0,0,0,1,0,1,0,0,0,0,0,-5
M.TEAM5-------------.FNL-.000100--,26,2026-09-20,决赛,KOR,韩国,日本,24,MOON Yuhyeon,PG,否,9:20,2,1,2,1,1,0,1,0,0,0,1,1,0,0,0,0,1,4
M.TEAM5-------------.FNL-.000100--,26,2026-09-20,决赛,KOR,韩国,日本,31,JANG Jaeseok,C,否,14:15,2,1,4,1,4,0,0,0,0,0,3,3,1,0,1,3,3,6
M.TEAM5-------------.FNL-.000100--,26,2026-09-20,决赛,KOR,韩国,日本,33,LEE Seounghyun,C,是,25:45,4,2,9,2,9,0,0,0,0,2,2,4,1,2,0,0,3,4
M.TEAM5-------------.FNL-.000100--,26,2026-09-20,决赛,KOR,韩国,日本,36,EDI Daniel,C,否,00:00,0,0,0,0,0,0,0,0,0,0,0,0,0,0,0,0,0,0
